1,중앙오션,2019-01-15 12:17
2,㈜스마트스코어,2019-01-15 12:17
3,㈜호텔롯데 롯데월드,2019-01-15 12:17
4,㈜플레이스엠,2019-01-15 12:17
5,잡코리아,2019-01-15 12:17
6,㈜웨이버스,2019-01-15 12:17
7,㈜구비트,2019-01-15 12:18
8,㈜엔씨아이티에스,2019-01-15 12:18
9,㈜넥스트이지,2019-01-15 12:18
10,아주스틸㈜,2019-01-15 12:18
11,글로벌인,2019-01-15 12:18
12,글로벌인,2019-01-15 12:18
13,㈜케이알파트너스,2019-01-15 12:18
14,㈜지인테크,2019-01-15 12:18
15,세연아이넷㈜,2019-01-15 12:18
16,㈜에어패스,2019-01-15 12:18
17,㈜한국코스모,2019-01-15 12:18
18,한국선불카드㈜,2019-01-15 12:18
19,한국폴리텍대학원주캠퍼스,2019-01-15 12:18
20,㈜해커스어학원,2019-01-15 12:18
21,㈜해커스어학원,2019-01-15 12:18
22,더조은컴퓨터아트학원,2019-01-15 12:18
23,가피아,2019-01-15 12:18
24,㈜아이디어빈스,2019-01-15 12:18
25,GS네오텍㈜,2019-01-15 12:18
26,(주)동서가구,2019-01-15 12:18
27,신도계양사무기(인천점),2019-01-15 12:18
28,㈜밀버스,2019-01-15 12:18
29,호석시스템,2019-01-15 12:18
30,엘에스이노베이션,2019-01-15 12:18
31,아시아블로이코리아㈜유니락,2019-01-15 12:18
32,㈜아이.비.에스,2019-01-15 12:18
33,큐엠아이티,2019-01-15 12:18
34,한국캐피탈㈜,2019-01-15 12:18
35,㈜쓰리탑,2019-01-15 12:18
36,㈜와이아이씨컴퍼니,2019-01-15 12:19
37,㈜튼튼영어,2019-01-15 12:19
38,㈜엘에이치,2019-01-15 12:19
39,㈜미디어로그,2019-01-15 12:19
40,㈜한비로,2019-01-15 12:19
41,드림원시스㈜,2019-01-15 12:19
42,한국가상현실㈜,2019-01-15 12:19
43,㈜비상교육,2019-01-15 12:19
44,인피콘㈜,2019-01-15 12:19
45,㈜케이엔제이시스템,2019-01-15 12:19
46,모닝정보㈜,2019-01-15 12:19
47,디아이웨어㈜,2019-01-15 12:19
48,SSG.COM,2019-01-15 12:19
49,㈜이인티그레이션,2019-01-15 12:19
50,㈜윤진전자,2019-01-15 12:19
51,㈜느루시스,2019-01-15 12:19
52,㈜아이마켓코리아,2019-01-15 12:19
53,㈜한국이러닝개발원,2019-01-15 12:19
54,유진엠㈜,2019-01-15 12:19
56,야마하뮤직코리아㈜,2019-01-15 12:19
57,유니위스㈜,2019-01-15 12:19
58,오토리브 유한회사,2019-01-15 12:20
59,㈜다누아이앤티,2019-01-15 12:20
60,㈜모나미,2019-01-15 12:20
61,HL 그린파워㈜,2019-01-15 12:20
62,여의도증권미디어그룹,2019-01-15 12:20
63,㈜스트리밍웨이,2019-01-15 12:20
64,교보증권㈜,2019-01-15 12:20
65,㈜인프라큐브,2019-01-15 12:20
66,마이뱅크㈜,2019-01-15 12:20
67,한국장학재단,2019-01-15 12:20
68,한국소프트웨어인재개발원,2019-01-15 12:20
69,대신네트웍스㈜,2019-01-15 12:21
70,㈜피케이엘,2019-01-15 12:21
71,㈜유비퍼스트대원,2019-01-15 12:21
72,새마을금고중앙회,2019-01-15 12:21
73,오버마인드,2019-01-15 12:21
74,현대엠엔소프트㈜,2019-01-15 12:21
75,주식회사 스위트스팟,2019-01-15 12:21
76,휴먼교육센터학원,2019-01-15 12:21
77,㈜아모텍,2019-01-15 12:21
78,한국해양과학기술원 부설 극지연구소,2019-01-15 12:21
79,㈜엔씨소프트,2019-01-15 12:21
80,인하대학교 미래인재개발원,2019-01-15 12:21
81,㈜엔투비,2019-01-15 12:21
82,비알코리아㈜,2019-01-15 12:21
83,프라임에어웨이브,2019-01-15 12:21
84,㈜에듀넷,2019-01-15 12:21
85,㈜지앤티솔루션,2019-01-15 12:21
86,현대자동차㈜,2019-01-15 12:21
87,투아이시스㈜,2019-01-15 12:21
88,㈜스포라이브,2019-01-15 12:22
89,캄아일랜드컴퍼니리미티드㈜,2019-01-15 12:22
90,리더스금융판매,2019-01-15 12:22
91,아이엠,2019-01-15 12:22
,,
